{"name":"9bd1bd21-6557-42e4-8d74-9eb9becfc897","id":"/providers/Microsoft.Flow/flows/9bd1bd21-6557-42e4-8d74-9eb9becfc897","type":"Microsoft.Flow/flows","properties":{"apiId":"/providers/Microsoft.PowerApps/apis/shared_logicflows","displayName":"RueckrufApp_Pushnotification_CorporateSoftware","definition":{"metadata":{"workflowEntityId":null,"creator":{"id":"a2381ecf-c1ca-45d1-a55b-b5df88fbc3e5","type":"User","tenantId":"2bbd7e41-02c9-4b4e-8168-339f900c4319"},"provisioningMethod":"FromDefinition","failureAlertSubscription":true,"clientLastModifiedTime":"2020-03-04T13:36:51.8691381Z"},"$schema":"https://schema.management.azure.com/providers/Microsoft.Logic/schemas/2016-06-01/workflowdefinition.json#","contentVersion":"1.0.0.0","parameters":{"$connections":{"defaultValue":{},"type":"Object"},"$authentication":{"defaultValue":{},"type":"SecureObject"}},"triggers":{"When_an_item_is_created":{"recurrence":{"frequency":"Minute","interval":1},"splitOn":"@triggerBody()?['value']","metadata":{"flowSystemMetadata":{"swaggerOperationId":"GetOnNewItems"}},"type":"ApiConnection","inputs":{"host":{"connection":{"name":"@parameters('$connections')['shared_sharepointonline']['connectionId']"},"api":{"runtimeUrl":"https://flow-apim-europe-001-francecentral-01.azure-apim.net/apim/sharepointonline"}},"method":"get","path":"/datasets/@{encodeURIComponent(encodeURIComponent('https://corpsoft1.sharepoint.com/teams/CoSo-Solutions'))}/tables/@{encodeURIComponent(encodeURIComponent('c7d01d13-a522-4450-b218-791a25e3f0dd'))}/onnewitems","authentication":"@parameters('$authentication')"}}},"actions":{"Send_push_notification_to_mobile":{"runAfter":{},"metadata":{"flowSystemMetadata":{"swaggerOperationId":"SendPushNotification"}},"type":"ApiConnection","inputs":{"host":{"connection":{"name":"@parameters('$connections')['shared_powerappsnotification_2']['connectionId']"},"api":{"runtimeUrl":"https://flow-apim-europe-001-northeurope-01.azure-apim.net/apim/powerappsnotification"}},"method":"post","body":{"recipients":["@triggerBody()?['Benutzer']?['Email']"],"message":"Neuer Anruf in Abwesenheit\nVon: @{triggerBody()?['Anrufername']}\nBetreff: @{triggerBody()?['Kommentar']}","openApp":true},"path":"/providers/Microsoft.PowerApps/scopes/connector/sendPushNotification","authentication":"@parameters('$authentication')"}}}},"connectionReferences":{"shared_powerappsnotification_2":{"connectionName":"shared-powerappsnoti-06064c38-f756-4b8d-83d4-258235642498","source":"Embedded","id":"/providers/Microsoft.PowerApps/apis/shared_powerappsnotification","tier":"NotSpecified"},"shared_sharepointonline":{"connectionName":"10f57c62386d4183987d442f1260c8b5","source":"Embedded","id":"/providers/Microsoft.PowerApps/apis/shared_sharepointonline","tier":"NotSpecified"}},"flowFailureAlertSubscribed":false}}