{"schemaVersion":"1.0","appDefinitionTemplate":{"id":"/providers/Microsoft.PowerApps/apps/","type":"Microsoft.PowerApps/apps","tags":{"primaryDeviceWidth":"640","primaryDeviceHeight":"1136","sienaVersion":"20200304T132058Z-3.20022.19.0","deviceCapabilities":"","supportsPortrait":"true","supportsLandscape":"false","primaryFormFactor":"Phone","publisherVersion":"3.20022.19","minimumRequiredApiVersion":"2.2.0","hasComponent":"false","hasUnlockedComponent":"false"},"properties":{"appVersion":"2020-03-04T13:20:58Z","lifeCycleId":"Published","createdByClientVersion":{"major":3,"minor":20022,"build":19,"revision":0,"majorRevision":0,"minorRevision":0},"minClientVersion":{"major":3,"minor":20022,"build":19,"revision":0,"majorRevision":0,"minorRevision":0},"backgroundColor":"rgba(0, 176, 240, 1)","backgroundImageUri":"/1124256007206779696/N7a197132-2a80-41d9-9579-27b0decd4362-logoSmallFile","displayName":"RueckrufApp_CorporateSoftware","description":"Rückruf-App Corporate Software AG","commitMessage":"","appUris":{"documentUri":{"value":"/1124256007206779696/N29497eb2-ed09-47e4-ad74-c8933c0b171f-document.msapp","readonlyValue":"/1124256007206779696/N29497eb2-ed09-47e4-ad74-c8933c0b171f-document.msapp"},"imageUris":[]},"createdTime":"0001-01-01T00:00:00Z","lastModifiedTime":"0001-01-01T00:00:00Z","sharedGroupsCount":0,"sharedUsersCount":0,"icons":{"smallIconUri":"/1124256007206779696/N182fba53-7d05-421a-ad26-f19db5e7ddc6-small.png","mediumIconUri":"/1124256007206779696/N8b2ab68c-cdb6-4342-9f23-298ba13114b4-medium.png","largeIconUri":"/1124256007206779696/N8d8fc09f-de90-4e3d-9096-d0606d2670b0-large.png","wideIconUri":"/1124256007206779696/Na6979ae4-6045-42b0-b1d5-d80a63bbaf07-wide.png"},"connectionReferences":{"25e37292-0efb-4124-b01e-6ffb92cde8d1":{"id":"abac1caa-0fbc-4c33-a880-5cfbd07b676f","displayName":"SharePoint","iconUri":"https://connectoricons-prod.azureedge.net/sharepointonline/icon_1.0.1312.1916.png","dataSources":["Anrufe"],"dependencies":[],"dependents":[],"parameterHints":{},"isOnPremiseConnection":false,"bypassConsent":false,"dataSets":{"https://corpsoft1.sharepoint.com/teams/CoSo-Solutions":{"dataSources":{"Anrufe":{"tableName":"c7d01d13-a522-4450-b218-791a25e3f0dd"}}}},"apiTier":"Standard","isCustomApiConnection":false}},"databaseReferences":{},"almMode":"Environment","performanceOptimizationEnabled":false,"canConsumeAppPass":true},"isAppComponentLibrary":false,"appComponents":[]}}